{
  "perLevel": [
    {
      "streamLevel": 1,
      "requestCount": 8,
      "successfulRequests": 8,
      "failedRequests": 0,
      "failureRate": 0,
      "outputTokensPerSecond": 65.33097643233941,
      "totalTokensPerSecond": 274.39010101582556,
      "requestsPerSecond": 3.2665488216169707,
      "p50TtftMs": 61.31704649999983,
      "p95TtftMs": 62.03309620000002,
      "p99TtftMs": 62.07911364000006,
      "p50TpotMs": 12.265969210526325,
      "p95TpotMs": 12.424361231578947,
      "p99TpotMs": 12.46387506736842,
      "p50ItlMs": 12.173338499999943,
      "p95ItlMs": 12.826393549999956,
      "p99ItlMs": 13.427597810000039,
      "p50E2eLatencyMs": 307.11534299999994,
      "p95E2eLatencyMs": 309.37866465,
      "p99E2eLatencyMs": 309.88931213,
      "durationSeconds": 2.449067942,
      "isValid": true,
      "meetsTtftSla": true,
      "meetsTpotSla": true,
      "meetsFailureSla": true,
      "invalidReasons": []
    },
    {
      "streamLevel": 2,
      "requestCount": 8,
      "successfulRequests": 8,
      "failedRequests": 0,
      "failureRate": 0,
      "outputTokensPerSecond": 130.461440737891,
      "totalTokensPerSecond": 547.9380510991423,
      "requestsPerSecond": 6.5230720368945505,
      "p50TtftMs": 61.43893750000052,
      "p95TtftMs": 61.767595500000354,
      "p99TtftMs": 61.79507190000057,
      "p50TpotMs": 12.200815131578972,
      "p95TpotMs": 12.473807552631563,
      "p99TpotMs": 12.474827489473677,
      "p50ItlMs": 12.194878499999959,
      "p95ItlMs": 12.808911999999872,
      "p99ItlMs": 12.839280529999941,
      "p50E2eLatencyMs": 306.08324300000004,
      "p95E2eLatencyMs": 311.15465735000055,
      "p99E2eLatencyMs": 311.1577314700005,
      "durationSeconds": 1.2264160129999995,
      "isValid": true,
      "meetsTtftSla": true,
      "meetsTpotSla": true,
      "meetsFailureSla": true,
      "invalidReasons": []
    },
    {
      "streamLevel": 4,
      "requestCount": 8,
      "successfulRequests": 8,
      "failedRequests": 0,
      "failureRate": 0,
      "outputTokensPerSecond": 259.35084066378613,
      "totalTokensPerSecond": 1089.2735307879018,
      "requestsPerSecond": 12.967542033189305,
      "p50TtftMs": 61.2843069999999,
      "p95TtftMs": 62.57681820000016,
      "p99TtftMs": 62.69383244,
      "p50TpotMs": 12.13914560526315,
      "p95TpotMs": 12.409168797368409,
      "p99TpotMs": 12.50334209631577,
      "p50ItlMs": 12.257942000000185,
      "p95ItlMs": 13.079304099999991,
      "p99ItlMs": 13.482466510000261,
      "p50E2eLatencyMs": 304.8155840000004,
      "p95E2eLatencyMs": 310.0690574999998,
      "p99E2eLatencyMs": 311.8121498999999,
      "durationSeconds": 0.6169249330000003,
      "isValid": true,
      "meetsTtftSla": true,
      "meetsTpotSla": true,
      "meetsFailureSla": true,
      "invalidReasons": []
    },
    {
      "streamLevel": 8,
      "requestCount": 8,
      "successfulRequests": 8,
      "failedRequests": 0,
      "failureRate": 0,
      "outputTokensPerSecond": 524.7699483981893,
      "totalTokensPerSecond": 2204.0337832723953,
      "requestsPerSecond": 26.238497419909464,
      "p50TtftMs": 60.86543399999982,
      "p95TtftMs": 61.95582584999957,
      "p99TtftMs": 61.97912436999967,
      "p50TpotMs": 12.10817021052631,
      "p95TpotMs": 12.136992844736854,
      "p99TpotMs": 12.147242568947384,
      "p50ItlMs": 12.236462500000016,
      "p95ItlMs": 12.34497249999995,
      "p99ItlMs": 12.59948799999989,
      "p50E2eLatencyMs": 303.3870545,
      "p95E2eLatencyMs": 304.05826205000005,
      "p99E2eLatencyMs": 304.27145321000006,
      "durationSeconds": 0.30489550800000054,
      "isValid": true,
      "meetsTtftSla": true,
      "meetsTpotSla": true,
      "meetsFailureSla": true,
      "invalidReasons": []
    }
  ],
  "bestOutputTokensPerSecond": 524.7699483981893,
  "bestTotalTokensPerSecond": 2204.0337832723953,
  "bestPrefillTokensPerSecond": null,
  "maxValidConcurrency": 8,
  "outputTpsAtMaxValid": 524.7699483981893,
  "p95TtftAtMaxValid": 61.95582584999957,
  "p95TpotAtMaxValid": 12.136992844736854,
  "invalidLevels": [],
  "warnings": [],
  "totalDurationSeconds": 4.597304396
}